{
    "name": "bootstrapdatatable",
    "title": "Bootstrap Data Table Plugin",
    "description": "jQuery plugin for sorting, paginating and searching tables.",
    "keywords": [
        "sorting",
        "pagination",
        "search",
        "bootstrap",
        "table"
    ],
    "version": "1.0.0",
    "author": {
        "name": "Patric Gutersohn"
    },
    "maintainers": [
        {
            "name": "Patric Gutersohn",
            "email": "pguso@gmx.de"
        }
    ],
    "licenses": [
        {
            "type": "MIT",
            "url": "https://github.com/pguso/bootstrap-data-table/blob/master/LICENSE"
        }
    ],
    "bugs": "https://github.com/pguso/bootstrap-data-table/issues",
    "homepage": "http://bdt.gutersohn.biz",
    "docs": "https://github.com/pguso/bootstrap-data-table",
    "download": "https://github.com/pguso/bootstrap-data-table/archive/master.zip",
    "dependencies": {
        "jquery": ">=1.5",
        "bootstrap": ">=3.0.0"
    }
}